network,seed,pruning_level,method,achieved_sparsity,total_params,test_loss,test_acc,min_h1_degree,min_h2_degree,min_output_in_degree,any_disconnected_neuron,log10_total_paths,min_paths_to_a_class,spectral_radius,algebraic_connectivity
Balanced,0,0.0,baseline,0.0,855050,1.3365590488433838,0.5192,3328,266,256,False,9.303901141983173,201326592.0,12.765090193101141,-29.270625475219248
Balanced,0,0.2,magnitude,0.20000046809466746,855050,1.3341906007766724,0.5205,2378,199,175,False,9.021746069875388,93142631.0,12.730002930833184,-29.2157220727852
Balanced,0,0.2,random,0.20000046809466746,855050,1.6251462799072265,0.4375,2594,192,200,False,9.021018656478464,100591573.0,10.27820749174305,-21.78610926681744
Balanced,0,0.4,magnitude,0.3999997659526663,855050,1.3780719758987428,0.5087,1482,145,114,False,8.658166042861273,36794961.0,12.486085486142024,-29.543953454824305
Balanced,0,0.4,random,0.3999997659526663,855050,1.9008210418701172,0.3304,1908,136,140,False,8.64715467271962,39764877.0,7.8318307531599585,-17.14900407690644
Balanced,0,0.6,magnitude,0.6000002340473337,855050,1.5615512701034546,0.4483,718,90,66,False,8.142123188269938,10655489.0,11.777660570453175,-28.558489250533974
Balanced,0,0.6,random,0.6000002340473337,855050,2.1375005741119386,0.2449,1258,86,95,False,8.117218948412724,11885113.0,5.403011807797337,-12.298219462285363
Balanced,0,0.8,magnitude,0.7999995319053326,855050,2.0696085475921633,0.2543,169,18,25,False,7.251324247104311,1224986.0,10.182951873422901,-28.135521355222632
Balanced,0,0.8,random,0.7999995319053326,855050,2.28277885093689,0.1199,610,37,49,False,7.236440113760734,1551692.0,2.980315852675279,-6.615556647300061
Balanced,0,0.9,magnitude,0.8999997659526663,855050,2.2374214027404786,0.1941,40,2,18,False,6.536329241262479,245785.0,8.57564476027024,-22.664082333261916
Balanced,0,0.9,random,0.8999997659526663,855050,2.3114091194152833,0.0999,290,13,26,False,6.445825185811234,193271.0,1.7474201721564455,-3.7191801754563785
Balanced,1,0.0,baseline,0.0,855050,1.327691222000122,0.5313,3328,266,256,False,9.303901141983173,201326592.0,12.622558640162483,-26.884679852866388
Balanced,1,0.2,magnitude,0.20000046809466746,855050,1.3352178174972533,0.5277,2350,201,189,False,9.03086279639471,100265382.0,12.5932732359439,-26.86287146585605
Balanced,1,0.2,random,0.20000046809466746,855050,1.6071005460739136,0.4343,2610,194,193,False,9.009221721631308,97000722.0,10.224172142440594,-22.074177633551482
Balanced,1,0.4,magnitude,0.3999997659526663,855050,1.3739109907150269,0.513,1458,139,130,False,8.666812115439425,41775225.0,12.369283248165647,-26.826424070046663
Balanced,1,0.4,random,0.3999997659526663,855050,1.8826896591186524,0.3444,1914,137,143,False,8.634005891583133,40518154.0,7.801143646325681,-16.452267176421493
Balanced,1,0.6,magnitude,0.6000002340473337,855050,1.573375737953186,0.4479,743,80,65,False,8.134552109736168,10258703.0,11.701716644224444,-25.551974780416728
Balanced,1,0.6,random,0.6000002340473337,855050,2.137812939453125,0.2286,1255,80,92,False,8.106965875066345,11599705.0,5.383046473087308,-11.379978280929455
Balanced,1,0.8,magnitude,0.7999995319053326,855050,2.0516854747772215,0.2665,197,23,20,False,7.220459044506707,813658.0,10.20854735937436,-24.872069570326865
Balanced,1,0.8,random,0.7999995319053326,855050,2.2841597537994387,0.1348,610,36,40,False,7.227616072835027,1294872.0,2.914304541445966,-6.157953302486458
Balanced,1,0.9,magnitude,0.8999997659526663,855050,2.177480924606323,0.2119,54,2,14,False,6.531056807659815,135266.0,8.677689771899804,
Balanced,1,0.9,random,0.8999997659526663,855050,2.3138434947967528,0.1005,289,14,28,False,6.444900668187072,222830.0,1.7271714709204826,-3.720493137441483
Balanced,2,0.0,baseline,0.0,855050,1.3292260305404664,0.5261,3328,266,256,False,9.303901141983173,201326592.0,12.995500465137276,-23.53926018372655
Balanced,2,0.2,magnitude,0.20000046809466746,855050,1.3322968292236328,0.5258,2433,203,188,False,9.035032043809698,100008878.0,12.961948297419772,-23.510227241089975
Balanced,2,0.2,random,0.20000046809466746,855050,1.6881556140899658,0.393,2608,189,196,False,9.011110191027463,98312150.0,10.530070527519594,-19.236147049033477
Balanced,2,0.4,magnitude,0.3999997659526663,855050,1.3599292924880981,0.5167,1600,143,113,False,8.679308080225459,36642264.0,12.69619399208182,-22.416030083795814
Balanced,2,0.4,random,0.3999997659526663,855050,1.9140728439331054,0.3197,1928,136,141,False,8.63235380742449,39835393.0,7.9668910578593035,-16.17037002147753
Balanced,2,0.6,magnitude,0.6000002340473337,855050,1.5295168064117433,0.453,886,80,51,False,8.150654161442201,8314583.0,11.918838660988975,-25.415915012191505
Balanced,2,0.6,random,0.6000002340473337,855050,2.15632501373291,0.2382,1273,86,84,False,8.0872444662121,10612099.0,5.473747081213988,-10.711291304702275
Balanced,2,0.8,magnitude,0.7999995319053326,855050,2.0052690406799316,0.3122,269,23,20,False,7.26166879790891,932815.0,10.185859792900333,-27.82615501770579
Balanced,2,0.8,random,0.7999995319053326,855050,2.2879119689941407,0.1285,571,37,35,False,7.2045378442917904,1101308.0,2.9653816940862763,-6.659936679297652
Balanced,2,0.9,magnitude,0.8999997659526663,855050,2.1726363265991213,0.2139,54,2,9,False,6.553414633813683,115940.0,8.564819276118548,
Balanced,2,0.9,random,0.8999997659526663,855050,2.3119472732543946,0.1206,276,17,26,False,6.402086941641982,202155.0,1.7308538091191612,-3.482805657372869
Balanced,3,0.0,baseline,0.0,855050,1.3260726594924928,0.5237,3328,266,256,False,9.303901141983173,201326592.0,12.956047644984782,-22.872278072293664
Balanced,3,0.2,magnitude,0.20000046809466746,855050,1.327504881477356,0.5246,2427,197,194,False,9.02583765680911,102588896.0,12.92535318521344,-22.911391803160093
Balanced,3,0.2,random,0.20000046809466746,855050,1.607244493675232,0.4352,2613,195,198,False,9.010768669560047,99782243.0,10.515738993708108,-18.060547994588497
Balanced,3,0.4,magnitude,0.3999997659526663,855050,1.4122101036071777,0.4919,1586,143,118,False,8.671872640036554,37694277.0,12.703045414001108,-23.073035108824158
Balanced,3,0.4,random,0.3999997659526663,855050,1.8892908348083497,0.349,1925,133,144,False,8.644906182124767,40851760.0,8.004356313970163,-14.345208313349165
Balanced,3,0.6,magnitude,0.6000002340473337,855050,1.6012144481658936,0.4267,832,80,61,False,8.135581492580133,9658619.0,12.06335433362891,-22.85923416243109
Balanced,3,0.6,random,0.6000002340473337,855050,2.160917356109619,0.201,1250,77,91,False,8.097451737055351,11563526.0,5.555747097140636,-9.151985181294366
Balanced,3,0.8,magnitude,0.7999995319053326,855050,2.1070847301483155,0.2418,189,19,22,False,7.232249981759421,1035198.0,10.556053778811698,-24.919604044243876
Balanced,3,0.8,random,0.7999995319053326,855050,2.2983044227600096,0.1198,591,33,44,False,7.203683188547552,1408579.0,3.024794378975578,-4.828156557168215
Balanced,3,0.9,magnitude,0.8999997659526663,855050,2.216259987640381,0.1837,55,2,16,False,6.521550598297907,167442.0,9.012289776076049,
Balanced,3,0.9,random,0.8999997659526663,855050,2.3143491271972656,0.1106,289,15,27,False,6.413115778764758,213770.0,1.7526465126972817,-3.6814274918300622
Balanced,4,0.0,baseline,0.0,855050,1.3191750497817993,0.5349,3328,266,256,False,9.303901141983173,201326592.0,12.650701803640308,-22.252856894385697
Balanced,4,0.2,magnitude,0.20000046809466746,855050,1.32462476272583,0.5328,2425,199,181,False,9.025438340929377,95663842.0,12.616085365557282,-22.03069872837254
Balanced,4,0.2,random,0.20000046809466746,855050,1.5746103340148925,0.4443,2596,197,198,False,9.013372530287823,99821641.0,10.177823905365543,-17.731848386209975
Balanced,4,0.4,magnitude,0.3999997659526663,855050,1.3717049007415771,0.5157,1570,144,125,False,8.672665991501582,39967348.0,12.386930176730804,-21.730364632655203
Balanced,4,0.4,random,0.3999997659526663,855050,1.8894134254455566,0.3267,1926,138,138,False,8.644749629866137,39137150.0,7.72002460094736,-14.192360978062116
Balanced,4,0.6,magnitude,0.6000002340473337,855050,1.5533749187469483,0.4448,850,81,59,False,8.14037403843335,9319464.0,11.744744344324635,-20.17747832694186
Balanced,4,0.6,random,0.6000002340473337,855050,2.147892757797241,0.2495,1259,88,84,False,8.11745539748926,10514564.0,5.340550614949279,-9.106486573509105
Balanced,4,0.8,magnitude,0.7999995319053326,855050,2.0395233196258546,0.2715,233,19,25,False,7.2305852684402225,1159975.0,10.344221116509713,-23.162174086306614
Balanced,4,0.8,random,0.7999995319053326,855050,2.287045071029663,0.1135,616,38,45,False,7.23914620996247,1374951.0,2.97533443612935,-5.455581731045159
Balanced,4,0.9,magnitude,0.8999997659526663,855050,2.1613894226074217,0.2125,24,2,15,False,6.511698378954382,180682.0,8.938630147452042,-25.759413975938003
Balanced,4,0.9,random,0.8999997659526663,855050,2.308661442184448,0.1029,293,15,26,False,6.419431471560565,202388.0,1.733544297448899,-3.4238602667147915
FrontLoaded,0,0.0,baseline,0.0,855010,1.3473327745437622,0.52,3162,280,90,False,8.873027484957786,74649600.0,12.488803161281309,-25.73781873249525
FrontLoaded,0,0.2,magnitude,0.2,855010,1.3546026241302491,0.5164,2296,213,69,False,8.627976403766061,38321086.0,12.461768412357312,-25.66766116505448
FrontLoaded,0,0.2,random,0.2,855010,1.6980371925354003,0.3938,2447,210,66,False,8.58207742041003,34895193.0,10.098933096036715,-20.183467527250965
FrontLoaded,0,0.4,magnitude,0.4,855010,1.398946379852295,0.5006,1461,155,43,False,8.301714149978567,14023815.0,12.26414184757261,-26.357336053646293
FrontLoaded,0,0.4,random,0.4,855010,1.9660932834625244,0.2973,1793,145,50,False,8.214598632838582,14781324.0,7.733457585596561,-16.06058790926256
FrontLoaded,0,0.6,magnitude,0.6,855010,1.5603375469207763,0.4329,733,89,30,False,7.8285010793854335,4642866.0,11.692645252049278,-25.59736915424047
FrontLoaded,0,0.6,random,0.6,855010,2.189057293701172,0.1906,1193,88,30,False,7.6745213399729515,3928956.0,5.376477346480147,-12.02552027054899
FrontLoaded,0,0.8,magnitude,0.8,855010,2.0297419254302977,0.2707,183,18,11,False,6.968726178736218,417179.0,10.372284557236721,-22.777426323341928
FrontLoaded,0,0.8,random,0.8,855010,2.2976982566833497,0.1014,567,40,15,False,6.822117386918141,499132.0,3.069581813109147,-5.4635912510186495
FrontLoaded,0,0.9,magnitude,0.9,855010,2.2511125385284423,0.1801,21,2,4,False,6.082038891186371,43119.0,8.968196602269286,-21.027018884847887
FrontLoaded,0,0.9,random,0.9,855010,2.3165713912963866,0.1,273,17,6,False,5.994680452791239,53515.0,1.922154400235769,-3.2618366000636185
FrontLoaded,1,0.0,baseline,0.0,855010,1.3388758052825929,0.5224,3162,280,90,False,8.873027484957786,74649600.0,13.31530486030203,-23.633010610459667
FrontLoaded,1,0.2,magnitude,0.2,855010,1.339840432548523,0.5241,2340,213,68,False,8.624617201625462,37852322.0,13.287227767729505,-23.70685263593621
FrontLoaded,1,0.2,random,0.2,855010,1.6750698850631713,0.4207,2474,204,64,False,8.574456237509377,33801632.0,10.779057948855286,-18.966047469499657
FrontLoaded,1,0.4,magnitude,0.4,855010,1.3865857152938843,0.5042,1548,147,51,False,8.297054878024865,16668472.0,13.078200319750218,-22.76532705947689
FrontLoaded,1,0.4,random,0.4,855010,1.9493657106399536,0.3154,1828,150,45,False,8.200379925291193,13450202.0,8.21584828130717,-14.452925538009307
FrontLoaded,1,0.6,magnitude,0.6,855010,1.5934148723602295,0.4295,825,80,38,False,7.818932736274877,5739441.0,12.433123680476303,-23.526607317035023
FrontLoaded,1,0.6,random,0.6,855010,2.176836552429199,0.2032,1185,94,29,False,7.66365365914268,3859864.0,5.625984135667191,-10.077819447144632
FrontLoaded,1,0.8,magnitude,0.8,855010,2.0340873510360717,0.2685,206,15,14,False,6.936295233372591,533894.0,10.787509275919994,-21.642759689060302
FrontLoaded,1,0.8,random,0.8,855010,2.297008556365967,0.1021,577,41,10,False,6.750101834571146,339086.0,3.038608050444747,-5.41328210881437
FrontLoaded,1,0.9,magnitude,0.9,855010,2.346767342376709,0.1781,30,2,5,False,6.07031092425703,35027.0,8.907650482804979,-22.986990755830153
FrontLoaded,1,0.9,random,0.9,855010,2.312851075744629,0.1,271,18,7,False,6.005263758605436,57012.0,1.7998573091398973,-2.9656301064878776
FrontLoaded,2,0.0,baseline,0.0,855010,1.3456420988082887,0.5271,3162,280,90,False,8.873027484957786,74649600.0,12.958221197184157,-19.54316066078124
FrontLoaded,2,0.2,magnitude,0.2,855010,1.3507509492874146,0.5231,2283,213,70,False,8.622767631752044,38732832.0,12.923512971276569,-19.163634755268628
FrontLoaded,2,0.2,random,0.2,855010,1.607240796470642,0.4349,2466,206,67,False,8.576352792620277,35483162.0,10.510798815475878,-16.551974861864924
FrontLoaded,2,0.4,magnitude,0.4,855010,1.3939951948165894,0.5144,1477,144,52,False,8.285594456473952,17056496.0,12.67796333060937,-19.056289113623013
FrontLoaded,2,0.4,random,0.4,855010,1.9311549638748169,0.3342,1828,145,45,False,8.193637422740332,13414007.0,8.070376356415247,-12.49719439688811
FrontLoaded,2,0.6,magnitude,0.6,855010,1.5411136810302735,0.4624,742,83,34,False,7.794493442194337,5234696.0,11.973090972448674,-18.860067629769222
FrontLoaded,2,0.6,random,0.6,855010,2.184918003463745,0.1933,1187,93,27,False,7.661363284742886,3540397.0,5.577902959256479,-9.15863880010262
FrontLoaded,2,0.8,magnitude,0.8,855010,2.1388096794128417,0.2445,185,22,10,False,6.896967342393866,412002.0,10.387231444278205,-24.383459043953003
FrontLoaded,2,0.8,random,0.8,855010,2.295287476730347,0.1007,545,40,11,False,6.758237683265126,354540.0,3.0547935402324695,-5.618767834449685
FrontLoaded,2,0.9,magnitude,0.9,855010,2.317756620025635,0.1777,37,2,3,False,6.042068079853687,41031.0,8.865791692137732,
FrontLoaded,2,0.9,random,0.9,855010,2.3084224758148193,0.1,264,18,6,False,5.9549960800283355,48826.0,1.7774201430222047,-3.3241434563332346
FrontLoaded,3,0.0,baseline,0.0,855010,1.3394763402938843,0.5267,3162,280,90,False,8.873027484957786,74649600.0,13.258143177695626,-23.98883128817406
FrontLoaded,3,0.2,magnitude,0.2,855010,1.3433488697052003,0.5272,2329,216,72,False,8.626181193408907,39744744.0,13.226936830092733,-24.156026443551358
FrontLoaded,3,0.2,random,0.2,855010,1.6496643033981324,0.4113,2475,210,66,False,8.575977361466096,35085501.0,10.728694944535341,-19.311668827130415
FrontLoaded,3,0.4,magnitude,0.4,855010,1.3844943822860718,0.5105,1551,150,54,False,8.302252016746497,17581808.0,13.008940506479732,-23.983391269153852
FrontLoaded,3,0.4,random,0.4,855010,1.9195093101501466,0.3278,1829,150,47,False,8.195239562821948,14092359.0,8.179518564610923,-13.926881364567796
FrontLoaded,3,0.6,magnitude,0.6,855010,1.5669844841003417,0.4434,804,88,36,False,7.835439026303288,5436726.0,12.32561979534477,-21.57359340687116
FrontLoaded,3,0.6,random,0.6,855010,2.1840442611694337,0.1989,1193,92,28,False,7.646750650673549,3710603.0,5.609044344174601,-11.39724297775154
FrontLoaded,3,0.8,magnitude,0.8,855010,2.013311399459839,0.2654,246,21,12,False,6.984187710830342,409572.0,10.666633108918663,-18.479116571787685
FrontLoaded,3,0.8,random,0.8,855010,2.290625978088379,0.1366,562,43,14,False,6.747734340145458,445517.0,3.0253905592914743,-5.817441333112506
FrontLoaded,3,0.9,magnitude,0.9,855010,2.187772918701172,0.1904,46,2,3,False,6.126437287104512,6257.0,9.051039271278388,
FrontLoaded,3,0.9,random,0.9,855010,2.3165349159240725,0.1,271,19,8,False,5.971394150031006,66837.0,1.7378465317611014,-3.1499981759044733
FrontLoaded,4,0.0,baseline,0.0,855010,1.353004983329773,0.5169,3162,280,90,False,8.873027484957786,74649600.0,12.875462787646914,-24.83625398501478
FrontLoaded,4,0.2,magnitude,0.2,855010,1.3515639194488525,0.5206,2288,220,69,False,8.60943077316079,38160151.0,12.846553566485879,-24.654071890968527
FrontLoaded,4,0.2,random,0.2,855010,1.6673750049591065,0.4081,2465,206,63,False,8.58149585940218,33482560.0,10.42020500407629,-19.433202831783362
FrontLoaded,4,0.4,magnitude,0.4,855010,1.3744590864181518,0.5132,1492,156,54,False,8.292250310269015,17786685.0,12.635234484843341,-23.966773204964714
FrontLoaded,4,0.4,random,0.4,855010,1.9724520519256592,0.3034,1829,148,43,False,8.20820503971991,12915862.0,7.929126286812776,-13.55862002494165
FrontLoaded,4,0.6,magnitude,0.6,855010,1.5063951766967774,0.4764,766,89,36,False,7.827814106527851,5632545.0,12.003714579480981,-21.985180453489217
FrontLoaded,4,0.6,random,0.6,855010,2.1516331855773925,0.1866,1202,92,29,False,7.676293710068956,3844355.0,5.403524251587579,-8.252992075928564
FrontLoaded,4,0.8,magnitude,0.8,855010,1.9804586067199708,0.3181,194,23,13,False,6.935564345095397,553035.0,10.520200043780859,-20.90291678423132
FrontLoaded,4,0.8,random,0.8,855010,2.300888554763794,0.1,585,40,13,False,6.784507385821154,445027.0,2.9335621841710284,-4.635375294359086
FrontLoaded,4,0.9,magnitude,0.9,855010,2.264704642868042,0.1856,33,2,6,False,6.1106822825893925,61143.0,8.848490846108595,-22.197756559681572
FrontLoaded,4,0.9,random,0.9,855010,2.32454930267334,0.1,277,18,6,False,5.961118643873508,54784.0,1.73278876663589,-2.81120042544831
BackLoaded,0,0.0,baseline,0.0,855121,1.3191775623321533,0.538,4653,190,1581,False,9.94162558639499,874229760.0,14.67144726526984,-65.85734909863844
BackLoaded,0,0.2,magnitude,0.2,855121,1.3237920249938966,0.5374,3450,139,1086,False,9.617772081119641,399679479.0,14.638117509263594,-66.04582562976594
BackLoaded,0,0.2,random,0.2,855121,1.514141904067993,0.4654,3660,127,1238,False,9.65022753980682,438242855.0,11.877454387558059,-49.382386542809655
BackLoaded,0,0.4,magnitude,0.4,855121,1.358669353866577,0.5285,2339,96,621,False,9.194045174835354,135403116.0,14.374467822893266,-66.24328422662853
BackLoaded,0,0.4,random,0.4,855121,1.8446088571548462,0.3549,2696,92,913,False,9.270652235316994,181189505.0,8.990136134570555,-38.96051372217922
BackLoaded,0,0.6,magnitude,0.6,855121,1.6423585884094238,0.4153,1276,64,295,False,8.593156485016511,29940202.0,13.561773528981535,-64.25581245251149
BackLoaded,0,0.6,random,0.6,855121,2.0969549823760985,0.2715,1778,51,608,False,8.74270046456246,53578825.0,6.162067350386752,-25.44999971953824
BackLoaded,0,0.8,magnitude,0.8,855121,2.0511777912139895,0.2445,439,26,117,False,7.6911964809079905,3068298.0,11.305915855849783,-62.2658339960576
BackLoaded,0,0.8,random,0.8,855121,2.26433237953186,0.1237,840,22,305,False,7.859761150122706,6712280.0,3.3409768226500605,-13.413343606817463
BackLoaded,0,0.9,magnitude,0.9,855121,2.1840804924011232,0.181,138,3,97,False,7.046971105592035,641166.0,8.637908069442645,
BackLoaded,0,0.9,random,0.9,855121,2.3098250385284422,0.1028,407,8,179,False,7.05526584371283,967423.0,1.9167202004729826,-8.171095991873791
BackLoaded,1,0.0,baseline,0.0,855121,1.3199132115364074,0.5349,4653,190,1581,False,9.94162558639499,874229760.0,14.74035180449392,-65.16305339248669
BackLoaded,1,0.2,magnitude,0.2,855121,1.3240756304740906,0.5347,3481,142,1066,False,9.615851363585492,392099412.0,14.705914668468694,-65.00281644293548
BackLoaded,1,0.2,random,0.2,855121,1.5341937772750855,0.4531,3655,133,1229,False,9.64925734162246,435107650.0,11.9527153284786,-54.32557128630042
BackLoaded,1,0.4,magnitude,0.4,855121,1.3798609937667847,0.5194,2372,102,619,False,9.187807025042353,134455083.0,14.434816558921524,-64.80345886117567
BackLoaded,1,0.4,random,0.4,855121,1.8057114503860474,0.3852,2712,89,903,False,9.268367218433934,179876367.0,9.070147195585326,-41.8799963295197
BackLoaded,1,0.6,magnitude,0.6,855121,1.6277496561050415,0.4199,1312,65,292,False,8.584548883674806,29882279.0,13.62779807308829,-62.37988131253782
BackLoaded,1,0.6,random,0.6,855121,2.079217646408081,0.272,1765,53,604,False,8.74202026904571,53526296.0,6.222612903800218,-28.911808205570676
BackLoaded,1,0.8,magnitude,0.8,855121,2.0284797313690186,0.2638,452,23,129,False,7.693200729524698,3365190.0,11.321928860572594,-55.8431884769664
BackLoaded,1,0.8,random,0.8,855121,2.2754174991607665,0.1264,869,19,309,False,7.863191903566538,6832490.0,3.396016155492445,-13.654848554257912
BackLoaded,1,0.9,magnitude,0.9,855121,2.1763123016357424,0.2007,143,3,112,False,7.033277639071384,713607.0,8.538452598350492,
BackLoaded,1,0.9,random,0.9,855121,2.315721586227417,0.1109,418,6,193,False,7.065150137084258,1061764.0,1.925568485593396,-7.168231270759963
BackLoaded,2,0.0,baseline,0.0,855121,1.3168561353683472,0.5326,4653,190,1581,False,9.94162558639499,874229760.0,14.483990418547554,-60.498012385121086
BackLoaded,2,0.2,magnitude,0.2,855121,1.320959180545807,0.531,3398,139,1049,False,9.612386764187935,385936423.0,14.451851317101807,-60.37507578994728
BackLoaded,2,0.2,random,0.2,855121,1.4997761827468872,0.4668,3639,132,1244,False,9.64742293852892,440271338.0,11.672776667847959,-48.476996639783124
BackLoaded,2,0.4,magnitude,0.4,855121,1.3624068922042847,0.5208,2269,100,598,False,9.18162670199153,130389068.0,14.201043660525695,-63.25131456908674
BackLoaded,2,0.4,random,0.4,855121,1.7864043912887573,0.3886,2701,94,911,False,9.268111801720845,181346335.0,8.889836914682263,-37.686505620375826
BackLoaded,2,0.6,magnitude,0.6,855121,1.6522944631576537,0.4046,1312,58,276,False,8.57368336740179,28350844.0,13.394585780239732,-60.647033381675854
BackLoaded,2,0.6,random,0.6,855121,2.077675750350952,0.2773,1775,57,598,False,8.738939218167134,53112494.0,6.093837478229841,-27.568054631407822
BackLoaded,2,0.8,magnitude,0.8,855121,2.0211279556274415,0.2736,435,17,120,False,7.690912995638282,3069775.0,11.15095438278491,-52.630843529385864
BackLoaded,2,0.8,random,0.8,855121,2.2734790699005125,0.1322,849,21,304,False,7.853768581245071,6693856.0,3.315696467139305,-14.049129387111961
BackLoaded,2,0.9,magnitude,0.9,855121,2.1715555072784425,0.193,132,2,108,False,7.031154681339782,686379.0,8.448319530681125,
BackLoaded,2,0.9,random,0.9,855121,2.3070284591674803,0.1039,419,7,193,False,7.059838144359197,1048942.0,1.925829848697643,-7.629691386456336
BackLoaded,3,0.0,baseline,0.0,855121,1.311557053375244,0.5345,4653,190,1581,False,9.94162558639499,874229760.0,14.751410158303287,-64.78735361397489
BackLoaded,3,0.2,magnitude,0.2,855121,1.313373982810974,0.5354,3464,139,1052,False,9.612074796348988,386658948.0,14.71506314004126,-65.47870989052808
BackLoaded,3,0.2,random,0.2,855121,1.4963364799499512,0.4736,3643,133,1238,False,9.650110270368597,438428343.0,11.93263197232832,-50.76111815920882
BackLoaded,3,0.4,magnitude,0.4,855121,1.34766067943573,0.5201,2305,97,586,False,9.182286087661735,127281557.0,14.456397633804066,-66.92786399115941
BackLoaded,3,0.4,random,0.4,855121,1.7975689472198486,0.3867,2701,87,901,False,9.277086468084361,179733988.0,9.046709891611865,-39.76795958996109
BackLoaded,3,0.6,magnitude,0.6,855121,1.5576060583114624,0.4455,1227,60,298,False,8.583183061975948,30478224.0,13.651570718451474,-64.5510855494414
BackLoaded,3,0.6,random,0.6,855121,2.0819076438903807,0.2698,1784,52,594,False,8.746738207793555,52701299.0,6.212079431820598,-27.703066702127572
BackLoaded,3,0.8,magnitude,0.8,855121,1.975070673751831,0.2957,411,19,130,False,7.6934896573420835,3352059.0,11.320663970048399,-57.727789348268445
BackLoaded,3,0.8,random,0.8,855121,2.2616040477752684,0.1477,854,20,310,False,7.856823096094217,6819290.0,3.3723502989229166,-14.41158352307806
BackLoaded,3,0.9,magnitude,0.9,855121,2.1242264026641844,0.2187,140,3,113,False,7.033634417634632,691159.0,8.575319897487653,
BackLoaded,3,0.9,random,0.9,855121,2.310210479736328,0.117,407,8,184,False,7.049760048299703,992439.0,1.9248971439813374,-8.450276344900702
BackLoaded,4,0.0,baseline,0.0,855121,1.3083671626091002,0.5395,4653,190,1581,False,9.94162558639499,874229760.0,14.572158856487501,-65.63864122522209
BackLoaded,4,0.2,magnitude,0.2,855121,1.312368571281433,0.5373,3472,137,1010,False,9.60675138704423,371376602.0,14.538044731960724,-65.30049503024205
BackLoaded,4,0.2,random,0.2,855121,1.5158216123580932,0.4649,3637,132,1230,False,9.650161537080935,435493340.0,11.788098443169261,-53.80347718424974
BackLoaded,4,0.4,magnitude,0.4,855121,1.3581279174804688,0.5165,2335,101,570,False,9.177229094196266,124242705.0,14.300240709723251,-62.670947752403684
BackLoaded,4,0.4,random,0.4,855121,1.7776878625869752,0.3929,2712,88,916,False,9.275575662901447,182551412.0,9.031291893782885,-40.013252245616556
BackLoaded,4,0.6,magnitude,0.6,855121,1.6214568674087524,0.4132,1307,58,262,False,8.571853263681584,27030052.0,13.487169350961612,-61.63039917182363
BackLoaded,4,0.6,random,0.6,855121,2.104006303405762,0.2446,1786,55,588,False,8.746142250806576,51918457.0,6.173270485977949,-28.129103359490763
BackLoaded,4,0.8,magnitude,0.8,855121,1.999871841430664,0.2776,444,17,120,False,7.685150740940415,3203466.0,11.248668846574759,
BackLoaded,4,0.8,random,0.8,855121,2.279464349746704,0.1107,881,23,287,False,7.858149455805021,6310826.0,3.35082948192368,-15.284789105012655
BackLoaded,4,0.9,magnitude,0.9,855121,2.17846007232666,0.1962,156,2,103,False,7.03091158963346,684374.0,8.487204698006158,
BackLoaded,4,0.9,random,0.9,855121,2.3094599426269533,0.098,416,7,185,False,7.0624017240138555,1003307.0,1.939075953147827,-8.114563433196242
